"cc","km","br","ins","price"
908.3825707513677,32338.052450062758,0,58.00353192538352,1005.6313006259793
902.6287630224869,52787.9415478445,0,88.06760671368578,857.7588024155784
1015.397710274344,34219.64670924437,1,44.12715261255126,1161.6511305436968
1037.516139575761,33240.74728716235,0,37.85529657998616,1066.256787689642
990.220694141668,40125.10490615397,1,78.19459977391605,878.9226692904929
912.8743117795086,56359.35361158043,0,74.27796730238755,1100.5499011842066
1066.324881246616,36967.02385970114,0,71.37872124219194,810.081229554565
1015.6601485942119,65713.7843367772,1,32.768790361256144,1013.0052385972862
930.7878090355432,46138.87983014702,0,85.44151424005769,902.3373336552991
900.2312649043569,56232.72745519199,1,66.753877780171,1059.5193641814583
1008.3787077184568,45723.4685641932,1,85.29462916338316,665.7705512510338
1059.760462641493,71934.82491367945,1,62.85019138162042,1173.1293149042217
948.6510137549145,45545.49528802326,1,43.383445565945884,888.9644211986702
935.086738350882,40246.07532680601,0,91.37375663162558,1133.3521954094545
1027.4684860626874,70812.34237254816,0,57.81060615350549,887.3105806180374
900.9214412429569,63794.15244217418,0,86.02234160157138,1142.888934298315
1085.3048516300553,58870.463072201674,0,86.35980447415244,1021.9677958842067
1025.943672401778,76432.26544971789,1,98.90950865010686,995.9359934515655
985.657706750238,70610.93040798878,1,61.11370903543542,1136.2352448853062
1044.5085176681248,33880.00738237054,0,90.83452252748843,1010.5224339389451
955.7341214788464,57923.03145669683,1,37.42524401044962,996.9003241480332
1049.6576806061507,35076.031065616786,0,30.638946546836706,754.4551711105324
908.8302260346992,76954.19603675063,1,99.83056415787951,779.3992433505125
1079.4943498256564,35771.140014539604,1,35.40578877125475,1039.2188674204226
988.9585132607804,64152.232794232885,0,54.85658835140671,919.7602761162075
1064.8129259839775,56964.04478229959,0,65.22473078707674,1106.0522233192364
937.5623872853465,71732.26039086678,1,68.15109969875877,1137.4246794147648
918.7098801310266,52566.85083039743,1,66.83214779648199,1021.6541970350353
1074.1637157035655,54145.362315834835,1,69.31766479212573,841.2978470710086
965.3278966111391,76081.82380542328,1,56.348728906688024,1198.3561255022473
908.3186924535024,79360.78865952863,1,36.63916824072522,624.1984823944033
987.5981381978822,47574.35185608859,0,41.39982453677787,890.330269085551
903.3466693045075,57805.424740356786,1,98.83708106245574,1035.5441980394946
958.6859040508847,77574.83768982333,1,67.20401748754458,615.506480648654
1017.6366881631657,70918.13451696013,0,42.68594317388343,1154.6096093529925
1072.9839494200273,54198.497714659665,1,77.14800806450472,1135.4659258718284
914.6296234937661,34924.22283154374,0,34.86055277740634,916.949092519422
940.7086743421002,74087.68694297195,1,54.18023045564092,799.6461115774197
1056.7599834471569,73750.06583868532,0,64.5121276420654,836.5988498894487
916.3332712057356,56385.721542300395,0,56.93056258087099,1045.7353758120307
999.89215536033,36975.105923577314,0,70.39945971257934,772.9745078580216
1039.4526561158268,65007.836329758014,0,96.1149272565869,897.3080213156604
1043.6715879884284,32577.526683525673,0,55.111997821472585,891.4065138356821
1072.6723963140253,59510.20643069428,0,32.384290324881945,652.5013771397074
968.1485782080782,33009.62808822247,0,44.91652243297223,737.5580516993609
1051.0895978203878,73733.09239161489,0,93.75887001283361,739.9854743294283
1057.3067307074616,39228.79004779159,1,48.386410165938,974.088490730234
1041.2860921968577,54979.700450766555,0,57.622802758238095,1102.2127752212928
999.7074396346765,42959.65580545334,1,45.69335363404206,1031.9350868760935
1096.2765835190905,38813.5435793675,1,41.00509167742459,1184.67666002426
999.5432102117159,49879.251597336726,0,49.67910849459386,1152.7917153693659
1048.2635830978525,71742.82894632111,1,47.29533319109616,830.6360617565327
976.2520902568959,51791.51877927735,0,90.85531746116962,744.4180538360198
1048.1189853959893,36165.22562332938,0,72.26428877773162,1100.7986185148345
1018.4220771476832,36883.490930202875,1,40.295628533042624,1199.6089015152388
938.6051549004438,47173.26894139244,0,76.2596330756877,1133.7064392247298
951.2892002717491,38293.50888570166,0,86.17178516105915,1099.3389922188026
1044.9464659625166,74559.26469020477,0,81.45641906322578,1098.1620025803913
917.1104777763695,54173.28182996556,0,54.70708494513025,769.6672027648121
1079.8088293334552,71728.38594925439,0,91.23794614452677,1168.2122904511284
1027.5278314273132,63657.31349555525,0,47.124153577838236,1118.8272786502048
1046.452977830966,67558.33985056574,1,67.91874669298413,618.8183354389093
924.4397836033626,47133.91762891218,0,79.41581196097266,893.5894598193369
1059.565409048987,75138.2210898569,0,92.5388249685418,663.6215670626812
961.3060607214514,65144.745032437844,1,90.60134111959611,926.4098304569812
966.5988693634038,78050.29416275238,1,40.305008963034496,790.759727909006
977.1399651441164,43917.27185241624,0,53.66716895593998,1191.977329544702
909.0662928382552,54146.73643572883,0,96.12145772773908,1132.1540710815732
1017.6115301601697,78691.47017476286,0,72.23676094993647,1021.1935438413113
910.8649244633176,53551.93581762904,0,68.35878265868759,697.9523046854439
1038.7595416407655,53545.37623333314,0,96.71000728077256,1167.34017745344
902.4280861042702,67020.79135647116,1,37.49293464002473,922.941614056883
962.0058676805402,34428.11875085171,1,50.85526511152766,1170.8940915492308
952.0271620266393,65920.04076197746,1,93.19466773718099,647.4689037049831
1035.332334353898,31500.439784955644,0,65.71880292680004,714.6996691028585
958.905046860599,54563.41728061756,1,57.30176913300694,739.0969378306502
916.0231702178933,61858.17620890045,1,87.11019649832528,745.7336913288884
1021.1184052015826,65733.78528070988,1,74.72897224568666,1155.0715064211483
1016.6719175099133,40036.67568791348,0,76.60205716882092,940.7711335837573
1084.9098244541417,59743.85733692335,0,45.3342405011265,895.8526384978113
918.6851054604026,30408.89987760121,1,84.49732547113422,966.4954956308896
963.7943486345879,42519.369192905135,0,80.6762537180225,1040.8003665886822
983.0144696710765,46806.705637654944,0,41.8205807747511,922.7799483787082
979.4634627918373,61271.014438263155,1,85.96407794949047,715.1913431614557
953.611896236997,43008.14539474262,0,79.18843582196946,614.1308114064213
989.387600952189,59686.84144288939,1,55.06982435013151,1144.2547726857056
966.6323576743084,45247.70242650779,1,79.80936985445149,1189.1744630310445
901.9386475923831,59931.22654029283,1,31.703890489138562,737.7465489671999
909.7520550803766,37300.838928018544,1,63.667562719124895,992.0499883518089
1064.5377989528122,60557.73701570717,1,37.35486848964809,1057.3365215746094
1062.1681099405216,55332.993152861476,0,98.8736248285264,970.3269423640584
932.1727384181439,43413.19741999097,1,64.21961674859712,1120.8433683224425
964.5721307625735,61949.259836179444,0,45.03352935894721,836.8748385802609
1036.6143315440177,55066.374684745795,0,84.81911259220831,926.0300112199318
1001.6885264792372,33812.00570036844,1,33.54502446348315,1011.358771856277
967.484984237221,46305.9677614886,1,37.92765271656928,1026.7768854524725
1062.682889553423,49398.20923786444,0,53.3796872788851,702.7469159129513
1038.8780393999796,68391.43262094952,1,63.346430783482674,668.3819030117074
1034.8092575881717,65926.97660059386,1,78.80228986852084,1064.5208385442577
1048.4506820779766,26191.32785237518,0,15.43702615931353,1538.3216138354705
908.4885209877868,8108.995969508771,0,2.9783269045672633,1012.9736187057324
991.732482138772,6071.474539182591,1,1.8888485542394675,1799.8850036411407
926.047994593203,29890.750623206375,1,28.507834149997528,1989.015012969277
934.4441954367275,20969.603174337746,1,14.098089601935902,1317.9084289054465
923.4141003558543,15388.104534138092,1,11.564239432629421,1748.1449728348712
974.7975057687587,5221.285294016157,1,17.547549314375544,1157.7080741130821
1088.047068927481,21387.169893260274,0,9.515385627295249,1215.7137088623956
914.0410727020735,23301.225843188564,0,1.5599542125686576,1911.1050729743251
1080.6190468190416,18734.231063848576,0,16.190850274815084,1585.793452882947
1091.0227904012638,25927.44882304915,0,2.6833760577099177,1486.7855557117477
1051.3672263839908,12583.076397500072,0,9.616963062078659,1864.5064643253631
951.6131913770113,10071.400483205356,0,17.755297690402063,1238.969542308682
912.2858442480544,21982.181153243575,0,0.6864384195641041,1477.9606410096965
1005.486289510025,16452.770150688262,1,5.008986112670028,1710.0518948492145
1098.8864978765012,19606.070322549036,1,28.105641825223007,1870.5237869830094
1055.7660188113955,23732.528964739788,0,24.065227875546764,1780.8247187927595
1020.0895340368986,24472.739467837604,0,3.8788758999471327,1366.8646061484374
966.7193461830908,25354.539384464304,0,27.24131636995945,1329.8662810864544
994.5265161753879,14657.090818190101,1,12.262541737651956,1503.1956317864317
1046.2475940084528,14929.60982018114,1,23.08461826581938,1470.8121544409655
1064.9507304327103,6537.942468689701,1,29.462543231865897,1410.441198768505
968.351452675044,23007.681209601164,1,21.612020946677795,1873.2100742619577
959.2576610476316,17836.07984691493,1,25.542776133439297,1222.0761331003869
973.7425024376646,6854.319546236023,0,3.033411067941609,1711.3893318096075
1043.4050818378153,28554.080909634085,1,29.166307411311482,1181.8313106725284
1076.7678722522853,28562.45617714008,0,14.321136040912137,1203.936490420193
1074.3238163872843,12316.743659150548,1,10.933451262240718,1276.7673575102979
978.8207064185484,10434.522154214348,1,26.124800961580874,1640.351928435594
1048.2928467432903,15572.39015174321,1,5.452200365673938,1238.4440118804985
1095.568193863675,22767.234372689607,1,29.02655677779257,1977.9875017497573
945.1575812372915,22717.53224797317,1,6.13829909464186,1424.6215945339031
1024.2882379556897,17255.89496293654,1,13.90709715327909,1557.283194323334
1067.382908395848,17268.51240477386,1,7.277189127427702,1383.9882280528436
929.8761828149447,25888.70445349133,1,4.240391770601637,1517.937454877363
1091.6472868916087,25068.70321470192,0,8.607374894067062,1017.468402178463
1097.892011141304,7712.185846373612,1,16.344686808385596,1001.9434001314858
938.1399920565449,27267.33176248831,1,22.042581934521518,1029.6641793378294
1003.3733752587563,6231.063414580248,1,9.909985344773144,1564.8280005574488
1073.836345946264,19871.795023672094,0,1.4836157779056727,1146.82778822894
1069.689763309145,9320.356463380489,0,2.255448719724499,1419.7335293700298
911.1063998295986,23001.63410883549,0,0.253746388716387,1741.0985303494135
1054.1392931287544,24402.376021633274,1,15.409322963477413,1863.06301025959
1093.487771966949,20389.14196695121,0,0.9258665339330832,1627.77558586353
1066.7579939279315,18440.119324661904,0,9.613669365284657,1042.3162980399247
1085.6504574284427,29513.75054615899,0,19.449490736657282,1887.601984560119
1005.6509268522736,9681.917586998938,0,5.888044411212247,1926.4818298877049
968.2697008068391,22664.415638581304,1,12.733751575214557,1595.779020894113
1048.110577415778,12247.732749439527,0,8.091350931759319,1664.8947612055529
1075.7651166764695,9874.517936142644,0,3.2157665241656512,1520.6805146491906
1084.8029253862826,5996.905799020926,0,0.5117365070727994,1803.2775193483358
922.9729945054027,8708.55685668863,0,16.216668911480035,1511.4287291759892
982.7619944538567,17068.042496282647,0,12.381839912740364,1547.1041766434014
1058.7097324046397,20076.360283490605,1,10.91901910576878,1915.9582442752628
981.8812317046162,9650.329220714353,1,28.53592562352859,1650.4454367332582
954.6555206688638,20294.673238224044,0,10.804457516227345,1083.4373450683777
1000.9243293673958,6814.884926951383,1,0.8332265269320706,1591.5348917167028
936.7479650645963,27966.891152753393,0,13.64301056940389,1147.3587696881582
1031.552336487502,25674.9879016308,0,9.826929038229332,1152.683845863383
1002.6686598571657,23038.17406114021,0,5.203316067534794,1664.4045400101734
1024.4135470356919,5397.311663625121,0,0.5585526214526525,1453.3146605392124
935.630952600046,6006.0780691039545,1,6.390823206296957,1064.8831651219011
966.980221371148,9713.29971189918,1,3.7256198411114703,1807.0667132801066
1006.112058559537,18368.23498212568,0,24.169277301215825,1782.3144679724373
1073.653594379922,13856.852151320178,0,23.10031497208431,1350.352890184478
1096.6454388542525,26794.772028731903,0,12.929749668510397,1927.1397478199933
976.0643391647044,13984.11463385831,1,6.035868745330599,1038.4045448511881
924.1212344021734,9965.278697167782,1,16.810585732395374,1908.0525570624068
1002.3443610429246,5900.483854022328,1,3.4979669316652857,1648.2003616617997
979.8600316791423,11751.934654779672,0,28.566009140169257,1303.5420945878532
973.2558437374009,15238.660229592268,1,15.474987184139888,1732.4812996503722
1091.480408973508,27142.62820514164,1,3.7344699574024136,1953.4530788226548
999.8752460813851,12517.711312992229,0,3.7482805119345715,1608.472643055462
954.1685808954468,23793.328636133418,1,14.264574511223076,1539.0179823516105
1023.6268113587302,13789.550800611778,1,13.883821111064238,1603.4461544858723
1086.5211212882036,12377.470175155875,1,15.092695257712801,1482.4175010271533
970.7150810125424,18961.322641895455,1,29.469990999875584,1717.0501656057781
950.7238951052761,17245.05669646436,1,29.140738331843856,1792.330922365497
1009.5294754109619,24546.02922270636,0,29.573857336839527,1130.1850212087716
1024.1895283797658,17467.667006391723,1,19.719975646324432,1394.5911195078781
980.9812023127276,6200.875035674195,0,29.495401270217634,1839.5292329038766
1069.5792182996674,21391.119236490802,1,21.17231220116123,1325.1119203168078
1000.5825935868385,10396.491503712248,1,6.156545659672977,1314.41269099192
943.250729556429,23832.52094856698,0,9.864417072259279,1290.839711475037
923.7330088612931,23409.527343147925,0,12.612257453251871,1124.3118402774555
1099.8927699400977,8639.482058248932,1,6.323599504608287,1865.418601655791
995.0871744147382,23740.458571110346,0,10.801969376208232,1834.975873897761
1017.8456599990332,9561.087283828378,0,5.259974827300733,1443.064739408963
937.0443586605082,21374.053309088624,1,18.9252059058521,1996.7650771110925
1060.5194517974924,26020.553164203233,1,13.773842522663848,1906.683791341897
976.2073711270535,10794.600169914404,0,11.51086498192592,1871.04903428913
1069.2305490088002,19401.664737986088,0,29.43521934508832,1880.2456919851206
902.4411601968493,6449.225169093557,0,2.766939553215112,1701.4736381373123
904.3343972455099,22652.413195606707,0,6.271320093675815,1648.8199128292686
905.5749522574013,15687.191445089124,0,29.598217103256115,1771.5941069383118
995.9721521436909,18869.933331264117,0,0.22890315412441561,1034.9373119277295
1037.5377307995575,26502.001417336985,0,18.19294865074842,1320.1550825686707
953.3783482884786,15535.28842566096,0,8.030336320428491,1419.2419428557548
1078.307861814562,11512.414833076684,1,10.73506804251584,1905.5828274279672
985.2241438675896,24982.026070339627,1,5.771170086945565,1807.7324515280616
1077.4191625205979,5405.917736148385,0,1.523118095028324,1994.1646261086357
1015.4169812010759,25507.996571723368,0,11.722907323132183,1842.784036735803
1074.9384108697423,11616.003165595237,1,21.0510646468504,1411.1373027890336
1055.0212593330268,12968.854213104449,0,11.579923258703129,1124.6312904401043
1036.0924921334652,29936.958658450247,1,22.12760681484603,1849.9213586094988
932.0953315422827,21000.165246427212,1,20.189872067598504,1209.169388012187
954.4613209128951,14126.486777445756,0,28.40128440261007,1708.4147135805474
915.1371034003208,24441.875297987717,1,29.207030748209945,1883.8828707895082
1013.3824414698244,11982.861256210936,1,19.237049388920003,1118.6679491015784
982.8431048270717,28104.635181934234,0,3.565388474208665,1459.3899589585048
922.0299599897395,9007.652289241229,0,26.234615991110555,1959.1927630446785
1048.985794697875,11824.475463316288,0,24.94811969338741,1767.695370845213
904.5561580029839,28506.299498031192,1,10.314956773365807,1820.4068120759043
977.2439724553786,21062.71429086357,0,10.256724786252459,1547.8042555486822
1082.9488890086757,13559.545579887503,1,24.33700857156609,1153.140691251625
1055.1454983233898,18617.528685012392,0,10.425391588756248,1548.5954168705227
1038.5234411233323,23814.354407428164,1,5.021219360661897,1781.8120380694158
994.9389913072241,24604.635443170217,0,3.949650790495473,1167.7484132049126
949.284055316154,7541.362775993872,1,16.20285835694788,1393.4411549879621
976.7471772402033,25023.032971679262,1,25.926927193931235,1760.957663656173
986.5596429319677,11793.617486761526,0,14.59231058563321,1251.0651426865395
1086.802781919765,27220.370822791356,1,16.311535934276446,1792.4919536267332
1073.1550790119497,12038.939517958965,1,6.229081029285752,1606.7949548426968
1063.3227076039861,7864.15724816188,0,8.137664774560989,1987.3048942417884
1087.6235090080868,27816.33843464436,1,0.19844493847195518,1786.3289395219915
987.473346933232,12243.46445150996,0,24.412436452147027,1658.9612883133454
1017.7666953930321,7696.62873139291,1,16.21593940650666,1384.1805601345195
1072.5135760125831,26866.547918754208,1,9.121324558855337,1163.402867655645
966.2908910459754,25179.680823515802,0,23.589074419428663,1806.7939447302315
1030.0248288829112,29735.72385472779,1,0.46725031031970893,1087.5579771469886
1043.5468706707907,16314.936248878888,0,5.733863493179776,1626.291284920919
1042.837910300901,15798.550314082344,0,23.696435646802595,1897.9816547576168
1046.4348995559242,28879.04527027071,1,0.9282766663732721,1416.856034115754
1072.1401115619951,5010.46112739524,0,2.960928280801445,1233.5163291855868
1082.9911092137836,24055.00089661684,0,1.322033471727775,1021.9382271374932
916.1785271169417,20212.936829973885,1,5.219851830247651,1470.2468658520345
1023.718865517265,9639.823832213715,0,24.123907288651825,1804.1058022567124
1023.1235959782484,17169.435841189174,1,14.24502078839114,1613.070384238912
943.5888667065547,13806.349112471891,0,14.412672011566043,1079.8014747722088
926.1374922712682,9551.355870954092,1,1.346442914890538,1669.780720649083
993.1584156054616,21770.769042680757,1,23.141873146539435,1986.6460729266014
1052.495637864336,18860.10019468153,0,22.79146547689239,1344.8211051009791
936.467642371047,17451.97927341981,1,6.680063015483379,1283.2001170918347
944.4160014804602,24860.89271480301,0,4.391569871820109,1814.1126882416315
987.5296394224555,23696.12924633187,0,26.63612893469271,1160.5109871928682
1084.0731240660634,7443.530179973254,1,10.344673134707541,1541.2846026395305
1013.8202139305139,27358.03846023794,1,4.1567395386814505,1399.8764123766464
932.0997765586709,5120.67931249801,1,20.96144212499395,1865.6559836730883
940.4238425571693,5131.433759938398,0,2.5162110407987712,1159.581104442087
1027.012834629987,26905.89203676758,0,22.536677385248876,1328.1551723630682
928.9862739192195,18857.55614736821,0,0.6203715043332162,1093.2438271988592
971.553054704846,28261.347271745417,1,3.1052004202317454,1780.6124405754845
980.570294969315,15887.405891797884,1,16.144357394561506,1783.9459095000716
919.1429883419936,19697.488550746337,1,14.941979502273705,1533.271200520239
903.2731385932054,24925.112901185745,1,8.658424288647645,1635.294149290113
903.9098521730955,22974.837979278378,1,15.738560795540513,1014.1339646783973
930.7363290625963,7155.7861493488645,1,17.756019484024513,1048.9996374109755
963.0620444780793,24902.58621042835,0,23.538681411686056,1819.3537824036123
917.9859820920843,28565.98197814634,0,11.673470047929763,1615.3582871103272
1011.3599048101901,21104.025269024096,1,24.586486811364523,1446.5282954708937
1063.9596255160493,14058.817391338587,0,20.24362725228409,1316.8305273324536
901.7421066777241,28789.39450605716,1,24.120280467085802,1824.8047799103006
1078.7287363584421,25058.55116998642,0,7.406099613202828,1242.012308204558
931.0012525236245,24715.91270502276,0,0.7472827665016826,1690.05580683244
964.1716525556255,23030.43889164034,1,1.6173740212036054,1339.023305418923
1058.0455906298437,9199.814963340586,0,25.272541647099462,1804.2528133878977
939.1250592089491,28772.37446957489,0,29.559308308697595,1423.7543059734203
1083.8916450588886,16204.275778685022,0,2.036684706841302,1892.0059501119013
966.2648048869006,12953.791164750039,1,0.8842812859306869,1357.0216739149967
923.3805237555695,24990.775380275,1,25.150297121284808,1249.3744662491367
1082.0029407572029,12537.940593937357,1,29.495020508295873,1583.2046676270706
1076.4150362242153,20452.267872590823,0,11.006045863969295,1501.6568223961226
1033.2530255739139,13763.747856732223,1,21.543641408480372,1328.7442767328994
937.5212183571618,21476.867223602596,1,20.56655893155053,1230.094252368523
999.5842968109848,20021.77379096092,1,22.51016578870841,1219.9233185685457
941.0680178935341,10509.26628570004,0,23.041595214085277,1382.7668413359363
984.5052982536193,11118.431995733112,1,1.3896891487666305,1363.294020633487
930.2485360114356,12220.879692789986,1,2.5720233959816614,1457.3268093702634
1058.0777987447361,20447.537592097684,1,22.139950787778897,1534.9701247503704
923.5724436338734,8006.230623467109,0,26.326495815372557,1644.770830538842
910.0094566214917,28479.05719511123,1,27.325838084636104,1917.297516872452
1029.7055254967004,16767.037247090637,0,18.812356487673107,1911.918985575362
1072.038130063599,5269.32433272649,0,10.024375272937469,1250.85040391502
929.0930027413117,7668.692686286468,0,4.994236282067594,1540.3421637977867
959.7403705676462,21244.87614375062,0,24.448901949868443,1016.2079194711595
1010.8123804543283,7361.533956007597,1,23.016645948418088,1405.7443434426043
999.0874183355713,12094.684110111262,1,24.35297478395791,1260.9524282263149
1050.5396743775714,8356.179435137827,0,19.88887527015887,1075.390169467209
985.3473367964358,12298.280095959344,0,0.6430922734021137,1568.844082363736
912.4284748103735,11227.586563888552,0,16.444222495373545,1563.4331158953096
1096.7508228465456,7322.78721157721,1,8.632236512966674,1898.8207251753852
941.5115481629144,5054.724747366015,0,28.043755495961527,1509.1440067711696
920.1704368183114,27625.39183499794,0,11.92686713480099,1320.2456834914587
904.792330791049,23997.224391435484,1,10.74398518609254,1607.9843869507167
974.006043443462,8703.551090977668,1,21.260156586077212,1651.500669914764
1007.3314697549971,28085.994737302877,0,7.974459648108538,1307.3958431439435
1321.9967321697593,11953.740522222352,1,24.95559347323663,2179.742220490931
1667.647883731544,26568.02189682426,1,6.343849009223142,2188.7668303109394
1817.210329153771,16050.356469164004,1,4.548606168989656,2035.7516440895868
1810.7624670590856,10771.40281048734,1,18.811152008186234,2271.7140040096956
1944.922091015542,19653.35310404501,0,27.829851282602036,2113.335073565445
1261.6585195638784,16318.43816146109,0,24.123855739947274,2461.619005037117
1827.6934219782179,22028.770471949847,0,6.481996128784489,2462.3106703742505
1354.9458557320254,25012.04611269016,0,21.160979057812114,2131.3714954362918
1337.8163718970645,16797.57475554717,1,23.934269886402664,2230.4671250567467
1728.9609891632208,5615.231181136548,0,18.701552309749232,2349.2988714476105
1688.8181832514872,24692.97048141525,0,4.934198162457159,2252.894285836159
1295.687177121348,5393.923372397128,1,16.57554543258207,2301.3587815699716
1229.5653231717324,26438.12640238379,0,9.336048270888671,2012.871013966269
1708.637269314972,25979.773389156697,0,27.757559016121142,2380.2825104261588
1380.056620556914,27440.920767784974,1,11.158464738315404,2210.4142910897863
1439.4475745404582,9456.280362285936,1,12.956546417397025,2089.720668820404
1635.7533034270195,17444.64415353224,1,23.42737800760882,2170.0005556177352
1354.2604693716955,20968.741165444946,1,4.803258278223926,2477.364283033986
1283.016413527556,10815.478373147062,1,16.831901973888186,2124.9822812387556
1328.5642587845812,10577.304708377742,1,14.923454266901551,2293.603701324764
1296.5670072441612,15363.319036889188,1,9.272686531089885,2206.91755153883
1537.5608261093132,15397.436293212171,1,24.61435898636874,2330.745310364985
1870.1225227398077,8679.341570175571,0,20.19070394354938,2348.19535058755
1618.551376106731,18023.995713353153,0,18.398343304543147,2480.3480212393665
1482.50829454745,13147.900605711995,1,26.193665839912057,2327.544431041502
1507.6644378785645,24347.84887763471,1,7.721969594920025,2069.7552352862017
1862.0762130823696,8489.109388076802,0,19.69462351845077,2318.6644779692074
1295.017844527045,19723.451775241134,1,5.251594851959119,2055.0727164885707
1282.4124143295105,24307.117740909678,1,13.35093083172192,2284.0120469071085
1323.86597853514,7629.148031239536,0,29.73490063076364,2385.9100750516263
1310.5789438919899,18528.969943084725,0,24.964156090248522,2143.6618865874243
1485.4964020526934,21824.667846620705,0,13.579510528202645,2190.1427541767644
1844.796454761919,24416.251424156362,0,29.891037326204625,2293.0243772389595
1924.6131039453792,9284.168923538335,0,5.507194144192332,2249.6308472469736
1889.4153035147258,20201.262212545855,0,13.517219716233406,2444.017364125715
1730.5139606171417,25680.47937534794,0,7.550558194099514,2409.210367975021
1510.1274776366795,10273.20472083353,1,24.765903991429045,2226.3309473417057
1391.1978030495325,18674.41971197205,0,13.455921712756084,2094.4885072247016
1796.4356457781378,6818.040131421797,0,12.501214251388996,2351.3062916242575
1208.2104921417408,23620.90592609803,1,6.97352015131481,2041.038889010473
1389.4679704582952,15469.825412584307,0,19.827663041490744,2077.1149327765356
1974.5855308832465,14484.117789644859,1,24.67635405685413,2068.171081662337
1610.0522641186158,27396.620453704727,1,0.6163869431394962,2138.923397417109
1772.685249683154,26577.18094212672,0,7.502129457427309,2373.3776708816904
1611.3275375322696,28660.790080820014,0,3.273123803802881,2488.24066062294
1305.3093769637023,29867.046694147444,1,27.25351371546603,2403.3773493984504
1807.6884558495958,7646.495567305476,0,28.042732093523007,2461.193204355606
1845.5131983808365,7783.142917587555,0,10.373804467147034,2160.55254047788
1249.2270164650186,7347.378784182834,0,4.280608672910006,2429.405691036401
1791.4535453463473,21962.459582800475,0,25.116319260668305,2331.214892055108
1762.5408684485974,13281.942487956903,1,22.214048711782365,2030.8803338845078
1712.1072528065251,10269.561689598078,0,1.0561044337750454,2387.743462238222
1651.0541532664133,18185.79317367244,1,4.386984104651012,2447.0236380091155
1534.1354835165064,9310.814015856771,1,15.854286072640015,2407.458365343007
1422.53263613445,8786.650629515434,1,4.792974325635447,2015.165385804293
1239.2555125423294,20593.69232560852,1,29.592257123060765,2008.7259565561321
1420.499053057748,15552.17248904721,0,4.546641897919255,2453.542220828628
1388.7509139149925,29605.118739050926,0,3.4027511658172602,2463.7508354743486
1925.9004845525142,28606.11304045293,1,4.882367239224135,2408.2202193403805
1394.9704313603886,25755.771473753983,0,18.281504798942716,2393.435936787572
1580.2943650449574,16752.851807282168,1,6.359712906516821,2143.276306002658
1561.0951762284108,8147.663016009762,0,29.98227252623278,2085.384141267635
1594.797053555769,29496.603803240323,0,4.637003312480639,2258.1691972521776
1680.0660175085682,25732.147638436545,0,7.291568338211223,2088.3577210720237
1864.1150301919458,20443.103844712587,1,4.133242549498791,2447.1527398071744
1550.862514554395,27183.713453992936,0,28.289876280622444,2175.977267488816
1530.861562053544,22621.34259810796,0,9.093821466987787,2332.511931967467
1238.1331466493505,29435.258306968266,1,23.64092984575865,2353.998914225026
1596.5316723999863,27114.030827874347,1,0.7613536629465908,2159.727516732856
1784.077381886614,8843.934371922103,1,12.93634563957932,2210.2837341002037
1745.6395050004494,7434.94119721925,0,27.36023157589159,2118.759123719073
1530.0748947356594,20978.236301781828,1,26.158315610288003,2243.059995810557
1964.0167958699324,21145.956158773934,0,26.493800446850994,2161.624302306794
1304.5554162045526,23736.13709466172,0,15.821603216064725,2285.749991690507
1725.7409480640115,14702.60213101525,1,20.41941850485226,2248.1303715595327
1688.3596238571774,22377.080039472396,1,4.052630154464981,2371.6180211600085
1265.3378584099355,16587.44931368851,0,29.15612205784407,2320.967466869361
1205.7918682748375,22162.781946512667,0,29.839523015394363,2370.3715623080466
1946.5715199211347,27460.751698781507,1,23.017370424249552,2379.3534612090825
1491.183679822072,7887.349811277678,0,2.4352206498712494,2474.6382790381444
1226.2962244695948,21989.258902137408,0,13.72481428433658,2194.8730849613185
1406.7576432663552,21995.379088442194,1,2.3768391296051807,2262.4679135740435
1396.7533910616798,7965.236830492724,1,27.608475384869124,2017.8730269129137
1237.9303403551974,8504.822266758254,1,11.191496924675533,2094.5361974598245
1463.4483034382092,27627.60940718242,1,29.179223197679242,2125.2157870914934
1692.9029461861614,18666.429034123597,1,23.535824803203184,2133.9690649267
1283.447717207901,15543.575916014217,1,21.411068785387155,2090.5763358721288
1521.1254152666083,18627.960312765055,1,29.145111701586387,2146.7016447770425
1878.8406050566962,22336.04417400066,1,15.82373138128196,2436.3094022835694
1400.5117038269636,25843.972261849765,0,17.493039842222853,2332.4399449233338
1922.157131062967,28328.52606040288,1,29.659707303773338,2035.2182886891237
1853.0875942232904,29806.547048321503,1,17.531075857142987,2192.576560371161
1793.5067837997403,15931.743505347282,1,14.750468185870414,2288.1582586915774
1225.0970810885515,17173.365021285943,0,7.259733981694779,2094.1393758115723
1967.2761022739821,12077.149098810878,1,25.243934211548357,2296.444499209937
1788.0272691957907,21049.268693709066,0,2.9353601233431696,2237.486093991889
1279.6675727513316,19648.114274859538,1,11.89721271572375,2045.1301765117144
1863.8645856304697,8688.922132075691,0,23.96372040171523,2124.538323957974
1342.0208641719269,49464.66525035413,0,75.07808456670315,1412.9148336247679
1345.1376856725083,60423.80118782054,0,63.25705503416905,1865.0912395353348
1664.1344253571092,30828.1460505241,0,63.09319855933375,1425.9106116610678
1706.5016527720743,63506.680404307954,0,42.301678641048895,1901.0458200248386
1684.7292979105648,72956.83404706125,0,70.61664146428615,1702.254777869447
1871.0617213240469,67152.9415130177,0,68.24435876518893,1382.3981808334572
1369.7048539013647,73411.70908269632,1,75.95930850688303,1585.2781366419774
1769.9486283305555,78958.68883371231,1,72.76432450186863,1200.5982458597032
1856.6084674155418,35193.45524273203,0,78.68558635812772,1757.8938079605753
1210.4511886932432,45103.06444494339,0,52.46943760893255,1866.8801909935478
1431.9582166447847,34867.53178282411,1,69.62488033773832,1289.406699770509
1268.4428021949184,31928.59051928724,1,58.263873586676894,1214.2333328856466
1803.3822691099554,38143.77284435907,1,43.49213450540987,1755.3056506023795
1846.4148587048192,47835.59906094856,0,66.36925852519391,1646.730586557398
1579.6744692881355,74951.67694515706,0,62.99208705592164,1268.0346720554257
1861.9522667135598,54954.58067856224,0,58.42053410450046,1842.1137167533057
1240.4900566120539,31690.623910809518,0,79.2343071841023,1897.4052964685534
1821.8251986632358,79726.65309880549,1,41.02525364703057,1344.0502868444196
1715.0929843216136,62072.57439575398,0,52.6969731251681,1554.176804753185
1564.636294883337,45738.825374970984,0,34.40764101632651,1857.0197960892876
1906.2424569448851,54502.834281421114,1,56.960060025528136,1432.3066378313179
1818.1496305560224,40844.78349503575,1,39.06996746460904,1686.1959841905123
1376.3594472560653,38580.05625994881,0,53.42426513640607,1801.9626846555273
1974.7774384680924,61990.21982214434,0,57.430996743432246,1889.8238791989386
1665.8996713030149,57472.741648063755,0,47.61938363091963,1809.1896874915712
1415.694234721078,39869.57532341553,0,44.91732128422458,1965.9356884341087
1648.56150043063,35856.1400099249,1,38.30868278472562,1296.2744750979118
1957.0867135721137,53906.36668904346,1,46.171282405193224,1969.9549600202172
1444.6063021613343,47467.820008721035,1,34.9736411357053,1207.0711590415528
1720.7125050208647,42598.651193639875,0,69.00236202310991,1982.925171389175
1295.9938623905125,57981.70314913774,0,55.60323251001838,1396.5945573491924
1671.0827682829301,48723.33248026979,0,50.27322852078194,1768.0033517703446
1844.849854563223,58541.16626879309,0,53.35892848051985,1222.4830158264217
1306.1131225024471,43580.47138301699,1,79.28932730042314,1238.8511054579644
1790.581739498844,57998.00380877965,1,42.28571223307933,1578.5716708549967
1752.666800238813,68712.43161960732,1,63.54837962756714,1966.8879344751015
1477.8208042288393,54101.00481854845,0,49.76511126362263,1897.3549335239036
1911.1263676650137,66936.75206688861,0,75.92758500569275,1609.523564213443
1672.757655077388,51454.953561960676,0,58.79868594817695,1809.5248675062553
1934.0830198806552,54464.98426093253,1,30.02683182249482,1937.297452927844
1325.4167624985955,52953.50550948968,1,67.3989155864333,1411.8227379506666
1941.801596378723,53684.5676542116,1,55.62150100769615,1841.6381618395803
1787.9998577646911,39249.534233705635,1,32.239895707219745,1251.302111196613
1305.2032777156712,40238.29054109593,1,56.61432826576226,1818.7859816651662
1553.4329320801728,58514.409697162366,1,75.97364873250355,1215.3299108290391
1410.2747412494148,71877.64934438994,0,54.175724875345566,1375.8947694449637
1568.576486006916,79016.57570061887,1,62.82421900222471,1779.1476769178619
1512.9383514755764,45316.271889318035,0,73.57828627673749,1426.8027628090258
1945.842461982595,65559.00807078835,1,63.07087866875425,1224.0904651806602
1809.9545715469444,31775.599365844948,1,47.230784443422024,1241.9100024196412
1682.0511017758874,67682.8423120853,1,57.09963217107545,1862.5482855947207
1664.6993112421587,36295.67579021275,1,32.84927231525003,1699.2733475745408
1712.4897656147273,58638.56444939837,1,79.58927184305085,1306.294120947173
1722.5544122257777,68899.00514753442,1,45.88336100418434,1837.8973057846515
1354.6652713368323,43386.75838279236,1,79.5100017632451,1739.9655220471002
1621.5447340361259,57721.05580914864,0,44.6650488624955,1914.0530719552685
1629.8866067360032,41168.725193635306,1,72.69326966506733,1803.9469381831093
1607.5527895312316,38819.953826088415,0,41.95825320850895,1307.8463950267494
1896.5025401641637,68186.63809279598,0,67.13491585770149,1274.5229386487258
1961.774372273846,66449.80461006035,1,67.73223663469054,1526.5951256515414
1623.9085544123393,65701.54903987567,1,68.01981833579002,1888.3906378302636
1940.5981398565677,65340.7340919047,1,63.1854031264646,1238.4392775953181
1580.5704597202784,69557.96383280118,1,43.49040755395816,1810.455372753046
1620.8474952921715,72323.76100711875,1,66.57822454029528,1756.1827299708339
1986.3836146764306,47067.98571820183,1,68.26105626138025,1642.0204114560229
1436.6247246382989,71982.06131531118,0,31.76967880853422,1395.5020615789126
1574.0813303497446,43749.01152565052,1,31.777015581519358,1409.1304043392934
1223.733913920572,57332.23706235386,1,59.058680291342256,1978.562704453769
1723.6351718414903,45677.64330252785,1,34.00018827430922,1670.097166737632
1665.4280406100936,36223.72469513093,1,30.583164441011068,1541.811544766474
1851.0526305540025,69882.4851865717,1,47.05284218029384,1251.9045554584866
1772.6042186586224,40133.361127351745,1,66.11749902937328,1210.8311705392143
1616.2410494091373,52916.930609305324,1,43.946498803744554,1361.825953574689
1344.3801635358298,58765.81668738817,0,77.49157302779292,1794.9512598989077
1484.1430502796015,75156.95427093371,0,57.068893543508736,1485.1298617991897
1829.4559126994163,47702.592227330984,0,79.34212006567243,1763.8506358152727
1999.7899115083646,45301.65599221518,1,66.8333990097357,1272.3836370486613
1613.3467842017735,67688.11303906898,0,71.62588589044836,1605.0447505014433
1319.7782510144434,42550.779024652,1,43.825037436396855,1971.8202389514263
1431.952002860561,44622.46558128155,1,34.23924932651152,1717.316183184568
1844.3631289939985,69266.3779102884,1,39.769889814564856,1556.9285984681255
1527.8014357460675,69298.62574608868,1,37.25592962210619,1699.0170632479872
1441.6581401989406,74957.09365695444,1,42.50156323658448,1585.345793874325
1895.9357461854215,63933.72849927631,1,74.10227415533947,1247.5087590958074
1477.4116980632875,68465.83225621455,1,66.17485192248118,1358.8936457027621
1373.8306576142372,33108.75489666011,1,35.426375433268376,1652.484728817348
1839.946257919023,62244.02343131976,1,39.41890791004422,1574.4632813841695
1373.2647688810384,53086.22503009273,1,75.46123905615997,1655.5879880260563
1540.320766289086,65662.43004581187,0,45.52275183193642,1745.723782988008
1738.4085950799367,41339.43485220842,0,74.70951808123804,1300.9743885146215
1965.7159529307073,59205.56746349257,0,54.66378754439185,1455.210339515666
1690.306599894824,45225.166329392385,1,55.29123106532845,1582.0179160516875
1228.0095741413622,75517.85951062838,0,55.13394269639062,1338.515251258868
1627.8284702709211,57027.02305002792,0,73.50532544171934,1244.3966865953028
1903.9261742531567,67052.42554382647,0,35.22258282194154,1460.5600143415481
1528.2176125126123,54910.17791899869,0,70.3199117074906,1401.1086994792415
1780.2229670623533,43249.35873341687,0,77.52686973430856,1444.3101371119824
1848.4492702860844,49245.60388479904,0,45.48210379246818,1255.6667544466134
3711.831238224945,6400.508500077304,0,29.01562037786061,4054.7877592544887
2751.226898982401,8774.606905667677,1,1.8429030960825301,4298.520806057863
2345.711958730325,15011.027646261293,0,27.86314571077297,3865.800762889721
2447.6721916791726,29657.82323820314,0,29.048491100825828,3785.0821374776606
2386.2589174753602,18040.185638740833,1,7.696177025973961,3889.8793136606732
2171.7825576400223,27912.82354659664,0,21.952907752201806,4270.0365574751395
3244.345067296498,23157.996673284095,1,18.284850882631588,3874.40241815001
3381.487403420254,24120.383885801195,1,9.406289262144163,3502.92150117729
3128.1337733642513,15241.275988743897,0,18.336248293832178,4051.94459441299
2409.761029677243,15478.606364204183,0,24.194956127735743,4294.133956352373
2293.7106029071942,12112.71567932583,1,24.34804873945941,3758.931668716419
2336.610288113924,13765.268124421376,0,27.250511988299444,4465.642502499411
2148.0725524463437,27611.675106558647,0,19.930090233618476,3995.0393424323197
3301.5097894719893,16463.32673864749,0,7.2543840643524975,4338.616853429579
2707.9895705990393,14879.151531382604,1,23.812213310796963,4081.159091164506
3234.393765064323,23507.5551210973,1,0.0010194629440265363,3567.605601686617
2602.1989202147342,22626.513277763977,1,14.790226011341648,4400.124241504934
2407.332819148277,11012.878316466584,1,26.906788299704704,4413.401761011594
2838.0158821474906,20879.701185859463,1,29.720146301873164,4115.616354733348
3692.537144843989,22775.020392402093,1,16.126257680474087,3985.3830407237474
3092.230551589495,6957.021655474809,1,18.6077393392173,3888.2295930648497
2049.6116970196476,5972.806523528701,0,13.279173498301928,4377.5700925640485
3444.666003663713,13257.45489751683,0,6.83031391057215,3907.2426701032023
3355.20345322341,23417.792784439207,0,27.428871735398538,3796.8201565526615
2910.503668813504,15479.666861220883,1,19.037293464911443,3937.600410019607
2316.6167332945547,17339.06479304569,1,6.597132744823706,3779.1668533153525
2203.409273739354,20408.905423627148,1,25.942790280974275,3595.501433215571
2780.0002626888454,18761.98885381407,0,18.316445600536134,4195.5488731111855
3340.932758470003,25725.12406923354,1,1.9100913423207508,4087.9378463960606
2493.6590642609253,29898.373288939125,0,23.902294294817647,4012.9870022768037
2752.9644473949115,26921.181838886052,0,0.47809422991992373,4191.795443828958
2650.505212927708,6673.135232807263,0,1.5444724462409247,4006.0569378603777
2308.490069125304,7153.073509366321,1,9.71862889800093,4370.377661539594
3286.064079297766,5598.063925838158,1,24.272873349741914,3616.960871142299
2717.2168188888736,26125.039897044226,0,18.39685409180527,4477.202443384754
3132.9295697928683,10637.445236218577,0,15.596167320009474,4381.5418657674845
3292.1840923765526,24299.982203450036,1,6.4735126089989325,4459.849846511939
3034.9064089682943,28155.952778790102,1,22.590556650041187,3546.053091106986
3056.1622800828536,8264.249864280457,1,2.1356319283467085,4178.200075103156
2143.0390905058375,16255.546762845988,0,21.3866674447308,4026.311907476105
3788.391149592019,15431.147632590633,0,8.284515634444091,3564.0197126791063
2690.2337810864988,14081.918987521827,1,7.2042215310076445,3702.721039953382
2650.4728721924803,6845.8444642330005,0,6.112081339687185,3663.53784423651
2099.7664961030396,11420.292129200225,0,24.55409371718214,4239.006094391463
2038.996165840883,24625.193597399808,1,28.35607504319034,3645.877116495629
3390.574548198445,10760.510061644494,1,14.433834109859387,4402.205660848139
2749.37683022523,12105.602307343484,0,0.24369888961659644,4024.139186855535
2208.7497966445517,15454.884693450187,1,13.821512278003164,3574.403485352549
3342.328786237472,21274.378696712083,0,4.0614065658873,4123.917746007366
2021.5426361388925,17590.05715846089,0,26.991855480700597,3552.3214042674017
3648.4626219127913,12763.462590764708,1,2.839762450046616,3557.529235312277
2041.2813995417966,26391.070304802684,0,14.403911693397827,4272.41670225972
3420.283736307438,10535.176494657226,1,1.0577309141473201,4456.601208966786
3624.6309600999866,13128.617711485007,1,18.43777309026362,3818.946293852242
2586.870072211018,11455.69558856608,0,23.71285101744612,3513.0747826891716
2796.3343774865702,23165.845813384134,0,10.494740633754748,4331.287776894204
2546.8653941032153,29719.749553799396,0,5.885045226556292,4383.318047861865
2260.415577944755,6120.165620111084,1,24.468483416799906,4208.0590256564865
2868.4375756126246,15170.955662774812,1,21.403841126154962,4306.921273290106
2878.7271295476025,10993.606574827438,1,28.549436720599825,4055.711094807564
2968.595325545031,19334.290837249056,0,16.276452249173495,4455.144105437346
3782.7328402388216,15611.226908500517,0,14.453185856764378,4455.7923040872365
3642.6129755029574,19744.634008728557,0,8.605099486750643,4300.467658602137
2126.180518349801,28796.20375465248,1,26.67465506743142,4298.956122062128
3522.0879619215502,24400.697871484514,0,11.65643885885965,4412.760835059696
2588.4620806094836,13884.777649198451,1,27.442615318524293,3685.2129718151064
3551.4931752826024,11371.210824112604,1,20.32667746797826,3822.518898474536
2988.4465154152795,11688.685046218974,1,19.469661898417083,3673.965137613905
2300.6477727560773,5808.914472171025,1,6.1934044083518955,3550.124187069129
2594.5474445769073,23260.80867858679,1,3.4484935025204844,4091.000871351921
3140.552493315705,11973.200600569324,0,18.954378058160074,4177.905054462985
3518.471780902214,29262.33200753325,0,20.907625305380325,4019.563856087219
2273.1866714294874,23553.350836553935,0,1.5117997597081585,3985.889420365812
2968.6504164418675,7731.892725203086,1,9.9593693669507,4364.011280111979
2016.0852795616586,6722.125407980871,0,11.44279641233645,4454.283826941889
2462.861828005744,29995.86590565356,0,4.175408439874098,3512.6909418149767
3725.354620931069,14751.463038615382,0,6.099974518734938,4292.557639807982
2916.572379615691,19089.718753555528,0,22.8254857219993,4433.278204811065
2647.4329704860534,24609.840861158296,1,25.841561645121836,4278.187215121638
2716.8753803864824,11607.723079256455,0,25.225049727805935,4323.917947545571
3465.1275050501595,7723.31428967725,0,5.613626516995604,4127.253309476425
3713.540288166646,16178.840846921168,0,16.736331849113416,4149.785512732142
3320.5135001992003,10727.400589480438,1,1.0750060445396286,3845.294759930386
3428.0676493682595,28382.188867202207,0,20.272879284129367,3989.8380790742467
3323.3224385635203,18179.33633753968,0,17.10387520222354,4059.6561958637612
3615.0095427548604,25421.53703088084,0,15.37619745859522,3884.825010211044
2686.855686350591,18655.073906905083,1,8.78003508670259,4204.573207259712
2057.696656191439,28950.465767598213,1,17.86813774878917,4396.2267170625055
3391.7550621477467,17768.85968425205,0,19.159135659373494,3990.648715282463
2190.3690976932357,20866.183830300517,1,11.274984228680827,3811.2991669320495
3221.3858576690645,18307.630213264034,1,15.97497874496037,4284.847556413009
2726.446873439892,19748.08684061103,1,27.737779764214324,3906.3454954012723
3125.1834792319532,23916.748109196076,1,8.106285806844278,4126.916103648875
3455.2632723518304,18043.85756425919,0,10.542027140541027,3707.0062851598545
2360.4310249541245,17690.434802966596,1,4.919728091843173,3507.8488634972355
3561.368232370697,20452.58752578179,0,17.606258120021092,3969.66493825397
3073.301211812814,29596.609710340024,0,21.02519893182926,3612.7399933643082
2029.2394612256805,8192.176719375118,1,16.963605617139123,3558.158815892561
2071.5148555780897,46949.267198284404,1,88.34539666617792,2845.4220555214415
2800.8691413336146,50575.760249584695,0,59.04870660886979,3512.235821794938
2536.0731891692367,45293.76965509147,1,82.37082818743849,3496.8290489137444
2173.794801136288,59199.31830763753,1,97.51805203735647,2882.829513757331
2018.978697451743,39367.37395764084,1,79.7876358868439,3670.7195378567276
2560.203598775159,39589.09197672186,1,55.454635094343345,3542.194148564892
3577.2063346367386,53117.39421739931,0,86.6558875298648,3136.765251063523
2275.834844890828,31891.4559966805,1,36.19109455141341,3588.100483629946
3248.461456828249,46590.8561522056,1,83.39477890487274,3484.712732941576
2886.0525508281335,33530.468208278035,0,44.36672628332556,3422.1009907518524
2174.6498357268515,57320.552344732496,0,70.5759624304026,2900.1303779893838
2456.36086748574,43974.510900652516,1,61.14773310827812,3267.4482143180894
2931.5432331818556,54366.50694754581,1,37.41381685939973,2803.6188799921597
2387.190287734559,41607.72452280645,0,50.002203900369075,3304.73616924578
2082.648153680049,39541.59463713094,0,51.5904479674906,2966.1564188694174
3187.793038774089,46598.99696390983,1,49.2025844372833,2809.9718420859163
3059.647113326608,43770.007829898976,1,48.732932069090126,3476.16834992186
3011.9172273314716,51682.07591556206,1,62.72819396362472,3300.648631901153
2980.780074727517,36117.333747555815,0,51.90143502494454,3168.659489013869
2066.6792987535514,58447.45077979514,1,51.40622866470947,3374.8186380367897
3766.0869002026384,35015.399302370286,1,97.23981864493324,2913.0210795561047
3155.723220068704,30136.178657539356,0,62.81863895507402,2849.243686207797
2256.8139462329577,58832.91193175401,0,30.281356768944633,3598.9395542991715
2749.6387362011137,33614.67632801708,0,58.26413496235771,3663.7500146997627
3354.1182716881094,52917.944735770994,1,66.55218419297802,3630.2403057275715
2032.4999360670336,53035.5090583074,1,73.53118186214118,3478.7037004518356
2152.954151065046,59867.68140445247,1,73.98440354874768,3675.4057920308837
3452.282672610397,50987.25821914827,0,50.181042468343904,2988.3585029173255
2223.164633310553,50789.22455272565,0,57.00083718355823,3384.8578505077007
3330.9539501843547,58522.073103601186,1,87.74329461878472,3266.428763667521
3330.2029953619494,50562.74027616041,0,99.60226645656141,3107.1117146006895
3421.482598242799,50392.55866817437,0,37.61984223278225,3209.8672367724284
2618.4760715984517,36591.49169604433,0,77.585544872643,2976.041745465288
2156.6747806562807,31193.851876253124,1,69.89078717296086,2832.210860151994
3337.2776703324894,54750.40917727203,1,30.44237631414307,3108.5038087409957
2240.103136971689,58870.997483721934,0,41.98438717237151,3358.940083029624
2504.588544652414,54250.6189777056,0,70.52180271644313,3062.8428874191295
3138.066638762193,48659.191903340805,0,43.966324668346275,3122.498619856777
3723.978714760373,47219.29878668794,1,48.269767014561005,3083.7047294561794
2405.507255723241,54811.598746861884,0,87.11618274181725,3431.317764177283
3550.207165023505,59820.591537114786,0,96.50286554964526,3331.850209489325
2406.9026380841647,41956.13551135747,0,56.388430275384735,3647.199925079197
2809.4140440313276,35085.673709479786,0,98.9064043098189,3183.507393471438
2179.6456478346563,41670.510174399715,1,34.29290729043345,3132.648392983385
2418.265677446747,41779.5262967977,0,40.69405096647707,3668.883364618647
2503.4094070116143,47584.884322793114,0,79.03525405473565,3004.4106630649517
2815.9970164447996,50300.30484339251,0,36.08406860947988,3127.968035478115
2266.2259819602837,30715.023754830494,1,51.40607617926419,3252.3610710654048
2812.2413203234237,53399.952057190196,1,57.390114988563695,3085.900566806924
3590.4043871820013,37649.23889902349,1,54.925050535169476,3616.9868596987676
2733.623567906789,48445.85145678916,1,58.93997307768089,3261.0996854129244
2146.5340608232973,45109.30737956363,0,90.13292291214032,3225.902799075379
3190.646106182268,47969.10436634823,0,47.870475107683305,3020.6267145654438
2796.1002893709583,59428.5120344055,1,96.27179520788769,3699.950523301913
2282.397274935988,54220.256343689056,1,58.57476150484268,3108.621281114054
3692.8547670066864,32571.156651313562,1,84.4874402549932,2863.589919510847
3021.240289156549,56155.235652025076,1,76.9119410374313,3141.4928405932083
2921.1508969973315,36864.172720223825,1,55.02285596451057,3664.913426213817
3562.1925372278247,52848.19905911405,0,81.59525122642074,2865.014364444664
2497.7163798154484,46301.29439411806,1,86.4652369138461,3134.04926381451
3692.3676778491285,57901.50848021871,1,55.062969480699834,3071.166574089943
2967.409078373955,31250.745636644537,1,89.88299320441018,3240.126252584277
3731.0231126202484,55232.85012248237,0,35.52283683374788,3189.8609070944235
3589.288296540536,39379.37860319333,1,74.38994155674237,3184.716007751148
3634.573290342999,56455.70128826024,1,84.55825967207389,3557.830864710576
2959.435038603316,39535.53605781452,1,99.82042469067538,2814.922265349815
2469.6821507715454,52006.41452521683,1,45.6813705858601,3218.7711958948253
3737.6865529806228,55733.372648929595,0,57.32931964782003,3496.456575576641
2129.169825212257,45256.85304334094,0,37.836071092482726,3319.4277160050606
3409.166003399683,35338.412621373696,1,42.02502548883206,3011.99863321334
3765.890854192796,56477.989104090244,0,79.10045530563264,2887.8715327827927
2767.6092482801614,34516.344642747514,0,94.06697640574257,2940.477813072948
2737.8008435832344,56956.97826981263,0,73.40773866829252,3079.961005207115
3605.3258160178793,37652.63264780178,1,46.395096151526175,3134.2518921329192
3731.579662609454,37741.30463389801,0,47.2988475927141,2820.590114985211
2370.3582158036143,40758.78620218372,0,86.24207873478724,3240.7203291922065
2511.7016171214186,35343.124703823705,0,75.78780438358692,2941.7528153785997
2567.0281812241565,51331.289719167435,1,94.2397794446347,3482.246493717885
2570.5917674774228,50797.040006888135,1,64.7362022332253,3642.036467364092
3454.0979715567996,35829.72407883939,1,41.03536554708646,2929.481337805727
3528.5476901834345,36983.10343267685,1,56.81316984520589,2859.7717815635465
3485.2176026303487,40796.477637064156,0,67.84226340972097,3457.7811533192
2503.475511729229,54118.117489030694,0,64.36932883632306,3621.943731160782
2707.111244375921,45110.01945017839,0,43.16611879800085,3628.885143090864
2772.2289627159284,41089.616847307996,1,78.80011615231643,3521.853019690004
2523.83212533205,47873.3556232167,0,81.93019512289221,3152.6041646977924
3058.0514101852214,53546.5173176923,0,61.52457927495668,3491.878593798614
2372.8606749073238,30803.583227846382,1,63.748558241639806,3585.8107019083673
3402.8911011320456,55526.3945139259,1,32.00178896263408,3154.818801819178
3473.5520771458296,51784.819580414165,0,78.71537303432392,3659.5180328558367
3506.6825301448653,43302.830442136925,1,43.98049968665512,3592.5440397975444
2846.6277260767556,33371.18712567835,0,59.188111814845456,3369.169122138218
2049.3965838564527,57096.15795602664,0,62.12144740123436,3693.96368190084
3015.1328204340607,35524.813742865634,0,71.44630645536475,3046.3368673309096
3562.7525807942757,40690.453211488624,0,87.17093896788633,3296.9572610193463
2594.6803748558095,31010.663566189505,0,84.98385730663674,3155.9395678862365
3637.557651882579,38954.738675574525,1,94.43463465611882,3081.603487750146
2905.8190432431356,56136.871405073325,1,73.29830314339912,3298.0558519233537
2541.685501990547,17771.523872177604,1,21.74686025990812,4834.994917581785
2306.4502072580626,21925.52905709066,1,10.221420824733954,4540.251839012142
2539.893560055544,14897.624617347143,0,6.323905416134656,4907.4386022122935
3345.1680704440623,6987.799445155822,0,16.185893273154175,4615.404751259279
3397.06108849222,28383.27411411635,0,28.05317002167289,4815.434624734739
2583.877933941668,24587.184297467753,1,11.132187499787833,4511.2218065291845
2487.044138356153,12836.301655356121,1,25.117334644419454,4959.831038918189
2523.907026018861,25360.313933678266,0,16.53553687644707,4579.634760580617
2746.2261449044813,13275.530238892445,0,1.9174676126963155,4542.695227584518
2236.5688873795502,14815.129577010059,1,19.977204520234096,4811.650357965054
2697.1947521876496,27174.66954344387,0,21.112593432061928,4849.968772707478
3419.8172901010303,28482.129814552263,0,24.973910110978323,4586.063426068112
3766.047902559906,14919.114862493347,0,0.35266226190390276,4968.773788743441
3296.9589910441628,20989.909755056637,0,7.893875304510701,4603.247462402328
2776.079484984353,17700.6147640763,0,21.276364057582214,4903.044590636198
3132.026998076613,11468.903162953353,0,7.77229951487137,4537.088141811162
3483.973188403969,9507.411880891223,0,18.002382086592153,4857.907883224923
2831.814085163003,10510.397493383287,1,27.52097806662412,4719.83077304422
2507.972176473562,20029.464489807804,0,29.78482394459175,4743.159725557231
3125.5144856176476,6654.970950125689,0,2.312617210962453,4510.012999186304
3008.7847391225255,8048.427685209017,1,8.282311640942758,4797.626148255194
3176.376388758771,19896.84361954857,0,9.182579898445477,4737.102846835835
2133.025284421654,7312.414955638736,0,27.791439255505278,4954.791964920975
2323.4272106768817,21560.810889639717,1,26.34861034932417,4536.042258176992
3176.351169288486,13413.227050018708,1,18.02140733042863,4918.693721684342
3390.503028771377,9046.488463921927,0,29.20154378675068,4695.772984247444
2110.0408536475534,16738.44350198139,0,12.384700572476444,4785.627433830525
2279.0319139873905,15548.695372928581,1,28.727584880522997,4926.936549066507
3158.271353839218,16400.898323767724,0,11.415882819719503,4926.7324250440415
3729.9794449750143,22236.86698101169,1,22.55843258701119,4533.757869651316
2779.557808842098,29615.541984900407,1,4.9608617229022665,4977.637039476667
2496.471660487793,26575.358786224722,0,25.471562366440484,4891.201681821794
2276.5733509106312,20532.689299930527,1,10.91966532256423,4941.5986667774605
2219.642659853811,25404.313384000503,1,3.7632139062166345,4741.413762552118
2853.407259148925,23238.767300023483,0,28.15164746544477,4507.858549252021
2675.427618506763,7508.008203011013,0,17.35451746485617,4882.3763433679715
3194.0927514751374,19607.752430818742,1,27.121481836886595,4863.029605115791
3347.568508375034,23107.950261894566,0,21.15776535231412,4699.683274328414
3526.8586646084286,28089.513762937404,0,17.848502721496395,4877.667728697572
3186.3371893636295,8427.144236329146,1,3.8923160302381183,4762.059340963196
2752.158267565219,22657.572745957943,0,8.120359134041108,4759.820408895444
2456.5890379777074,24210.710231411,0,3.015496146879621,4629.550840360625
3010.546960505235,15118.199940880946,0,14.48374384500435,4697.886042015521
3391.971821516726,26021.231469718023,1,26.967560953430425,4920.856828261964
3513.8928762766463,24235.034211757622,0,9.331689653295735,4791.862700871995
2043.9139826632236,27917.2726840873,1,24.03750872615493,4737.728847877801
2832.537661336863,24437.822950480342,1,5.024116090521325,4668.673578341188
3007.0433434164556,12782.495238615662,1,13.697043977395673,4824.280087672435
3487.7623014969404,21338.782796020416,1,29.40329597276011,4768.045548599256
3555.1769764676474,28329.709166036646,0,17.110083398511712,4814.869943833789
2605.432113637619,13261.610621830087,1,6.748497538965659,4597.471861725181
2105.531009198661,28882.391279453775,1,4.112383009970546,4941.808692591087
3054.4222221285313,24402.504451016433,0,8.620567506757162,4533.684814845849
2115.631502601906,13834.676639022935,1,24.327593151785052,4665.975163379661
2570.140472399202,6707.722713898609,0,22.54876707917896,4792.09825935969
3793.966848583861,14574.14930181033,1,14.265834953883509,4801.491879673202
2946.8369090434508,10153.289209262737,0,19.337613395729676,4932.5732620736335
3085.1723101783286,9755.852864827824,0,4.261443618928496,4641.295186841204
3397.8157313520232,22355.650772671823,0,18.735253092586298,4849.115156893726
3030.114650940629,26583.78443828205,1,12.283251967544901,4623.755595762055
3498.7286354403277,26291.745031524213,1,7.419915504213344,4977.624340427689
2068.8584779099174,5941.160112564601,0,7.632013026282204,4525.799215795285
2150.6120042415446,18398.498402348254,0,16.06736229366377,4695.927316971056
2011.5553638074132,8157.848914300882,1,20.478375917746103,4788.065030973466
2983.029772511711,18378.965028914594,0,17.4472391674735,4897.821489160714
3288.933395863449,9099.641627724879,1,25.99719553813077,4658.87393211841
2085.870360104246,20377.5944983378,1,24.500910262112424,4643.140041868332
2907.25526558911,19122.353833282697,0,26.016330333441804,4699.459511041138
2292.7188091843564,8013.383204129881,0,6.373619824995864,4858.917016404604
2973.546443668703,5515.226251925553,0,10.215367665714927,4630.578841670024
2071.562189861724,24874.51733543958,1,26.796715722229997,4949.609886807957
3365.092342128132,9235.072996686282,1,10.532847112540944,4519.946184959213
2561.285870113676,7286.507005138796,1,10.04232293930121,4554.122787950675
3443.8242543896886,25332.363942016254,1,25.81835000386308,4661.38058962429
2303.011816463444,11702.099700180906,1,11.182483500970978,4678.773225451609
2751.982120193524,11182.519748045615,1,5.222996832079251,4960.449081343086
3665.0480395788773,29006.07352518111,0,7.49833670211801,4585.659402502383
2757.27130729451,7751.998256660996,0,3.3349326842789844,4845.489817527579
3375.1670393861523,10912.901909009463,1,22.308856083367814,4523.1183353095485
2853.928140787341,17156.99744611699,0,17.4627029127094,4942.946330125394
2974.6370415898386,14462.72596201182,0,6.156710531708515,4610.833995613115
3063.1997611962256,17025.922035822572,1,21.684406978715593,4857.2566764031135
2249.122136877032,28544.31631839305,0,19.28942211837454,4666.962259138899
3586.9467096281674,15541.758137328325,0,1.5657429504820546,4935.317881345114
3086.067485703218,25550.15537939049,0,1.0072361221604385,4634.058413220624
3058.5768113458316,17156.697699946068,1,26.292621974174512,4690.484518828322
2871.8389686866094,18117.926044499436,0,8.353510935188748,4940.345488898778
2514.4949886151544,8005.425448534475,1,10.719490219577672,4777.900657875371
2402.7380358453265,25483.91960140683,0,20.090974047864766,4535.917015779686
3507.625050011673,25576.79351007267,1,16.32109169505638,4956.115515861768
2067.9019066206197,9512.015967175379,1,12.14175041033118,4827.962479859556
2028.1195685529333,23195.996706556525,1,23.344426446915072,4556.868749257987
2658.790224659061,29955.5272515449,1,14.12836880807613,4837.681422790216
3325.929223863342,14663.2455798455,1,13.627382874141803,4551.464594482877
2989.3307760258494,25976.96270419002,1,6.459126916210285,4718.49867442483
2467.8071559106997,8377.128768132188,1,2.2044160330709217,4840.080564692691
2838.8644626726064,11086.324440395761,1,10.962855090352571,4684.835051358524
2558.7588738265995,12783.008793166846,1,5.781719215010963,4543.804450467047
2100.075387675385,10833.690828488852,2,8.990596485315447,4749.29756368445
3286.469320847159,27859.055663327737,1,11.861744832118736,4846.935308395825
3503.1151049799428,29130.5024820664,0,21.266494813623368,4790.844888231572
2047.9925832226804,5322.809513027602,2,26.524030870314718,4733.474479274335
3048.325177140837,12749.151026596455,2,2.496298348993341,4504.092466555622
3553.312220939726,12867.003355982717,2,29.360838895068355,4969.916089409884
2717.96653654237,22292.224911313715,0,7.023109055145746,4692.507925156977
2679.517866558878,29346.502031522337,2,22.868192524526446,4800.526736584051
3254.00849474036,7412.944964517788,1,20.199628910235717,4594.440125948228
3028.2603493223532,22161.321283468344,2,15.993800085032174,4755.071131284415
3352.1192296893514,24969.08052355897,2,9.15392393167496,4652.40088072829
3291.569397124992,16351.128212503276,0,6.77744106089458,4888.371753402401
3513.5544854342515,7833.151866526485,0,26.406593449792446,4634.490077043409
2343.865380197638,19773.25599619491,1,4.047618782192114,4764.988186084654
2257.8191476481215,24445.5612631939,1,28.90803596834469,4719.882456790547
3179.573442767908,28783.14754346679,2,2.9817399876022153,4562.467645446274
3728.962473691406,7218.260082619507,1,16.32145329035954,4517.04923623898
3221.937733909057,20053.946608727747,2,1.9397625252043478,4700.307198521036
2180.1906475612805,7494.49080088594,0,20.806900785124768,4936.037746664172
2423.235611266676,20777.518335522636,1,10.717586773184674,4717.965727874977
3207.747217088702,8513.434811973417,2,0.8178802959787476,4533.494259727648
3083.4109353678405,16756.49143919022,1,9.518645684717823,4974.800349655376
2086.5340140522776,29371.88744020824,2,21.784330440484293,4720.1296423749345
3254.106609946216,11303.28166885607,0,2.8799891033023495,4984.281085416937
2399.660006537717,28485.65722208997,0,10.106354560802089,4795.649032383831
3741.4891978180867,9214.284014156354,2,5.884804051262144,4579.838097169844
3663.7112986889774,13908.016126517221,0,29.243806599866417,4923.8572613558335
3711.912142030813,11436.735560592948,1,11.95178882400672,4844.742058166063
2323.8403228333596,10152.41406872162,1,25.063656237966992,4852.5145755638505
2406.1430599597684,7290.148150446032,2,18.92415171388923,4905.32581685607
2233.953579360576,11010.047188969373,2,10.176856480703556,4629.941134368946
2558.5429761172672,22993.18605847022,2,5.384373446353128,4947.099379214551
2158.693759849941,9594.050980726304,1,21.60951146074525,4819.311696402087
2280.548513755713,20214.78399188703,1,1.5331744789454849,4764.700596001651
3163.037647645024,25542.384936048078,0,11.559555932469252,4708.174935270264
3070.826340905229,24980.327733774044,0,19.774072477383605,4830.806874512515
3408.0810833797614,5469.074212451535,2,20.363293895836264,4576.421571966654
3714.8269773599013,20266.559403637944,0,4.330429448122558,4567.968712251604
2792.9290935331296,8510.306965103659,1,14.439836027510312,4632.550282527273
3511.899669758882,18213.53436281302,0,0.8623952705994204,4887.555107369604
3644.1562716329063,15971.884649220747,1,28.61869236325723,4703.7162838538325
3160.7931851975554,22560.73992472211,1,23.405243245330865,4584.197891954517
2130.8744075995633,27463.044731377664,0,20.305784540535683,4780.42128056327
3462.345811223933,8026.652990865198,0,14.317191684914,4940.967907142795
3197.350014371192,15486.474666266213,0,7.505433128686093,4972.885366038313
3022.972863747713,21304.459740691316,1,24.69452674937856,4723.971435543123
3787.541756022295,27997.16425873075,1,10.239702956974229,4923.013661450719
3263.932837419149,24589.7069476449,2,21.185059595094117,4548.341611445268
3747.506398472475,12297.858323247972,1,25.786865647683726,4828.313939113463
3264.856596910261,8428.206316594227,1,14.290503062578388,4824.554821778605
2038.274011237802,27595.074072103085,1,16.941458226127047,4728.950961240522
2476.553502563903,11760.209479145902,1,29.33116014053222,4607.584226976693
2173.701007639711,24528.785296276943,1,22.134685443839697,4920.174019802524
2740.022153537741,28074.11259792197,1,4.151039732760786,4773.7415514641825
3168.041420884469,19625.065368251006,2,4.091376032765374,4873.531913732674
3271.3434875675885,5651.444728161623,0,29.36227446362588,4929.781475038995
2311.5581826414523,23995.385681274707,0,3.588641857345255,4879.333209599678
3605.7838786447273,7409.958306150473,2,22.1769351532468,4639.550103470264
2229.823944745421,19059.1491377532,1,13.705556582385261,4998.94480500272
2506.3005768752664,13145.223891497797,2,28.458772048781412,4693.748581403633
3420.9313590274487,11830.183120286263,2,5.084000150751323,4926.9401099783745
3567.6546295803546,20841.10913410886,1,26.291629277441302,4857.772909438026
3300.902005937791,13500.208108220442,1,19.179998104628172,4800.525727030379
2603.9794007353294,25286.09495170982,0,24.55806207336305,4970.625158371986
2775.261069252399,18389.455888783054,1,9.666373682828969,4726.847015998183
3679.1049907720694,23068.400624271853,2,27.229534319815723,4546.370118899616
2318.8786535699655,10084.65900093751,1,24.51533976431502,4814.743883269601
2309.530202960158,13975.406791060612,0,9.568194076016725,4878.552945683294
2298.985579329529,13356.953396794343,0,25.877180375044404,4896.809596472242
3515.559331062771,11685.111864176684,2,7.59712598062784,4916.458569389264
3475.268757972185,9993.773652234835,1,3.0184404580094295,4941.5764733604865
2347.498204323927,21075.202371995154,1,7.510797071746361,4672.084524456491
3732.6467006771327,29223.899794019664,2,26.349284924892043,4760.220526494291
2492.5502507878005,8508.590281483335,2,29.489226266266055,4636.234033979694
2810.124712074292,20203.20611559153,2,18.83346896509963,4533.80566186626
2860.1306133532253,21525.116671365795,2,11.23043231780681,4628.660861056914
3277.707001639257,13049.462300771347,1,13.079059862605352,4869.350438350207
2790.2911426409064,22603.459039333706,0,27.158538510239254,4957.901656588448
2052.7305076389857,14454.833864657985,2,26.42499264928046,4997.458799739796
2689.171953209836,27100.1011990943,0,21.14968888568663,4855.3735663698735
2046.9983654534428,18529.121399418564,1,15.419219113345461,4843.694389186515
3081.197962054236,15788.228163298432,1,14.509738529575746,4675.67130287706
2378.3242240346262,13589.900339571666,0,12.192318488091528,4884.866968155715
3601.9493909570847,22214.73833752306,2,23.981749903393677,4838.931104018288
2038.7558382365442,11841.347256527606,0,20.922613545248858,4788.036516670171
2201.169089415268,25576.083493024187,2,12.916337394077644,4906.459094403739
3430.1184881759045,26013.893998240954,2,17.237185041641055,4707.560077037253
2741.1685447591994,8155.281770187693,1,18.0073080752113,4906.945806375654
3368.459436454307,24130.16919896954,1,12.921613271275175,4758.898906650858
2660.1049127616966,15696.331002466688,0,27.35691580675255,4721.105934326635
3134.8429386828493,8507.833558607692,2,18.896076808586788,4859.430315773404
2868.0816984438165,14022.901401876381,1,21.18417793063836,4728.681955699512
2862.6947867336635,29030.731617501686,1,28.737623550684773,4842.319413407072
2694.6004508944234,16263.592714689292,0,3.7087404762476126,4666.484988449593
2027.8851149863424,22232.467948675592,1,27.965880630506092,4730.4624246717085
2534.186970940034,17367.027962922144,1,12.942801018192247,4703.925759255817
2383.5579916681704,14817.795511165443,0,13.300309109781224,4621.915387568916
2878.0224093031347,13704.734019660144,0,10.299381325300207,4941.9175637345
2250.7279921795503,47595.85914909454,2,48.6231719503395,3877.39442109819
3094.1568755490307,35907.3493870975,1,56.60773831103718,3988.165002491479
3456.280044146143,47633.22628814096,2,48.261744676401605,3872.178155437278
2208.9045098134357,49638.479072263915,1,90.30193741461443,3924.5888854605973
3247.333577878153,49414.1382904855,2,97.27740751325842,3896.318643629848
3788.0630718432953,47641.50738496474,1,65.35928964182668,3846.9696609740795
3551.6512194198103,39161.261775681065,2,40.28729164068335,3924.4232499268123
2398.919591120369,46885.393203129424,1,47.472194728881306,3915.713380198659
2358.200005402975,34257.5552912965,1,78.88176718622611,3817.8776592182717
2012.3701887320449,35082.833883429725,0,64.16227850519333,3937.977643998319
2825.229109474671,45528.44771698904,1,44.3068399227288,3900.3453671004113
3426.506670775364,36166.40838437379,0,92.68456721928396,3997.039218244179
2131.797689322194,37864.62248104124,2,68.69395851035972,3904.875140734832
2252.390747193611,49655.29477191651,1,66.22977448276222,3821.66472600928
2292.595347103286,34337.31837602083,1,53.292908718150954,3974.753417237432
3593.426359997528,36179.2754439444,2,66.3055120932921,3985.1852038737247
2163.7821618130265,41612.96409704998,1,58.65865399004766,3831.2468776770374
3762.045739928303,41475.320096570365,2,95.73964538587225,3979.885504376037
2481.7082707599816,49334.617088860476,0,47.76903747373171,3835.3590876193334
3429.9335230420656,38616.247743942076,2,69.3232007504657,3899.256359878235
2483.6801168356837,31648.71426452763,1,84.8042764559428,3819.2911999479784
3086.5980082066712,45974.83325374763,0,66.21333532614014,3807.706369653071
3151.4258702764528,48322.73760654287,1,69.18571761733453,3962.811182963486
3084.5448828158387,33113.96336472962,2,57.12401034973935,3804.9362279520706
2214.7101663190033,41050.81995115692,1,55.66555212779488,3923.7379060347916
2651.593043144413,45165.554206041204,2,47.65174493906251,3828.927684788525
2566.3014350145136,40487.847133062634,2,87.22173839548765,3810.5777584114835
2644.8139258146416,35613.997565222904,0,86.13636870508675,3804.6624030961307
3491.509930874696,42709.474817579125,2,68.58211418481741,3936.2617557274752
3155.8348351678205,42829.65387481233,0,63.64637408745137,3912.0492286161048
2228.142667401715,47230.12661303405,2,33.63653946075266,3895.574226878187
2320.2004227044063,31034.511682609573,2,62.87383255816422,3834.6498374218586
2093.1356680515555,35802.184907535266,0,72.4391110916055,3829.0809352221722
3123.7386855517875,43182.049256918996,1,39.50357245235105,3882.196605468352
2660.4687225636735,38738.11769181687,0,37.56165368255382,3857.774680534168
3103.6798189428446,45293.49121758108,2,73.78560894521476,3835.1648232295784
2422.531756034616,38728.18977453577,1,35.593767860526,3993.214246996878
3585.668985718553,30928.78164810015,1,86.54262480935327,3854.1035092008333
3121.3857763646038,36246.379712826,2,66.82954791638026,3910.565205952679
3694.9671792750873,43861.95288399416,1,38.63953039854721,3939.0960972188936
3188.4656261545288,39148.641591098756,0,41.17380016592685,3975.7950918523547
2907.673572849178,33261.59483125582,0,31.66656408614159,3842.2423942407986
3406.9181513105686,31767.826845653195,0,45.42042509226168,3962.0358992014417
3365.9548835511832,43722.21502822099,0,79.80355467629019,3819.101969543008
3156.5390172941043,32770.08788918153,2,58.64902028688138,3950.297540007436
2005.1726367372764,42079.2403743409,0,47.084150302302234,3837.3458583255724
3450.38341884537,46224.49045649217,1,83.22878373156189,3977.121034243257
3129.4192337705,31991.27212352238,1,84.50008005322896,3809.3009751376703
3160.742017031407,36208.60502702054,1,40.96309005372514,3986.0668228809413
3123.9052909649026,35232.85232971688,1,57.318222566804124,3929.2377515968287
3561.5814545765347,37487.31347498234,0,45.600635312125675,3861.3506397803785
2256.685379572851,33387.15179207469,1,71.07756281371933,3935.434924378465
3512.768127129197,42754.13311343094,2,59.62018848361465,3822.793697587022
2584.8043270267585,39216.358297705985,0,48.523744399215786,3866.9754900662
3247.0993673867542,43673.11791858926,1,75.35546166389759,3844.066833932015
3271.0767435571893,31286.79568067826,0,87.62184657866308,3901.2266160000363
2337.5238568871505,48412.77249009607,0,60.89457812802361,3816.9590871939054
2494.6999893474394,39702.05872291891,1,68.48354078688058,3989.1560370001534
3025.873127976314,35817.276840859355,2,89.50433833478422,3803.343565765157
2968.0970431939672,33933.0816119286,1,48.12402183015274,3837.0493866848287
3504.3309788259967,49384.659621291474,1,85.09239943240993,3983.6663009446734
2945.152423107207,35717.25665192796,2,58.889861627379304,3900.2762219871174
3625.825756812306,31212.48606705338,1,84.96308193072963,3829.1397191855494
2599.559326469488,48161.70647569159,1,98.70847109584928,3856.8529299058514
3408.435083002257,35778.9858111916,0,73.39478861856719,3961.5127507238767
3067.3539195837025,30526.34516779924,1,77.90547107151288,3872.766004570542
2301.5645501218405,36496.61582568345,0,74.32677724801636,3960.311838947527
3243.2697512612394,44023.26711828193,1,34.55089278011666,3804.792425227158
2368.295286938823,46347.37239810394,1,93.9087701811537,3829.1718460891134
3066.080297777504,39797.30074275033,2,92.51199639636278,3889.5136940195353
2595.263891103923,39303.87045191962,1,49.16076789531928,3873.4085666699416
3125.6865476497323,49585.97768059557,0,41.4698081849793,3951.6442859095005
2597.0641629743054,30093.525499192558,0,38.91404794427943,3910.378867863099
2960.2592931690247,47888.99430808518,2,77.30132028209168,3952.643281549814
2535.204317732904,31428.40976028555,1,37.78504577259072,3832.1577810050526
3049.876090744395,45500.10470254356,0,51.08035540308836,3826.008307399236
3618.5139544480608,47682.123480068636,2,97.3903807787135,3928.9151455545007
3749.6547439598057,30121.523235106397,0,68.72536803477013,3884.6457897542473
3155.086772102012,35292.357174020595,1,43.710898248209524,3957.1031586798867
3187.4393056961144,33503.582164182866,2,97.10291122747856,3820.514986310634
2267.553477610977,31417.007000573918,2,53.036690012586014,3984.097986839803
3658.8860884857236,46331.082970212294,0,39.809849997805294,3949.364344914783
3112.2066904904386,40950.65047121667,2,84.4128630723924,3846.9357228343706
3016.6164726173656,36406.20368198138,2,70.25142072723379,3830.7062041300405
3501.3445637201376,45658.79497272782,1,79.94289697142588,3865.9952622521623
2898.7635661836375,49149.871579510975,0,70.26137759002054,3801.445353963827
3508.235742066275,43360.73766775498,2,38.97263045327052,3832.305514656292
2133.9009703452707,45999.35603886783,2,63.84152853287899,3817.4479598341954
2582.6355397539546,36833.126402304624,2,76.28001436244698,3818.8096294354737
3076.4822329175495,42506.684225524485,0,85.06672907161223,3987.1471449613077
3359.229963607369,47984.374759704224,0,61.912723967724226,3917.469794040052
2103.848040386893,38127.92903569334,2,35.272525097497294,3959.980459846538
2403.863790821157,42739.41180923899,1,75.34751090719132,3940.7735915302983
3134.687073840468,41934.0197294336,0,77.01873900091158,3816.2803735735642
2018.3379998601395,38468.302570719556,0,41.36214426845512,3910.4089486509647
3153.4843852310296,34904.08424744763,0,84.74860857683105,3999.994715489442
2084.8071290969915,38358.091310000134,2,64.1022184715627,3918.2679698972665
3257.3622350183896,33053.6971083411,2,91.67338648966829,3880.3560348975993
2775.3811400154427,31529.771593892736,1,45.48676062886302,3967.1548261932608
3692.163404163125,47982.00484177284,3,77.51906662948343,3873.706474596361
3300.9942521350404,41860.35494493353,3,44.334029922572924,3926.712854138308
3056.466072105305,30494.93825109204,2,81.83838284745661,3922.7736485402784
3547.800678711199,41724.031727504014,2,99.86672667774067,3987.292002688434
3274.714025179589,47903.5622793283,2,34.991127061649344,3860.481486153306
2698.3723727039733,40920.261434205124,2,43.47625926460722,3852.8511347741364
3356.3975357975787,32756.4340296727,2,81.01353731100777,3871.6972377818984
2298.1816005876117,34217.9490292612,2,40.84282115180308,3820.386678930732
2768.244755797316,44380.97312523142,1,59.19216933584974,3828.1297652312833
2536.0755293966045,36494.86970761313,3,77.39425491298945,3838.9058454324545
2347.6624560986297,42584.8476147138,2,96.23017985022643,3806.0807280299073
2082.476224082034,39959.32570654836,2,48.756961597834675,3856.5339500611035
3373.86008275101,36277.63419065404,1,61.959463983736434,3888.7787130556803
2101.4451834386637,40610.29088740264,2,87.81605423224721,3935.8451699240554
2540.475151818688,41695.85964800404,1,55.30403391020748,3947.5823910418735
3787.2991854206653,41522.75019467133,3,84.6605864024354,3839.7521639612987
2615.272617168047,43556.63965787426,2,84.9522398830878,3966.8086545232763
3798.5490405918554,43502.52866139871,2,90.54111282391577,3838.0427694302452
3010.192633988515,48708.45060675261,3,41.27167313478112,3964.9489326076105
3122.5704041519857,43294.72971455635,2,48.86146517364445,3997.810437155711
3378.456054607831,43261.928663833,1,37.06915483537051,3890.154668959002
2970.897755558507,32813.143974927385,1,30.25507490174386,3952.5700741937108
3487.9050771593165,41735.09483387237,2,65.6576867733688,3837.0363651188427
2674.10526431548,32490.74094229447,2,38.55899461410846,3822.7654623079725
3759.3605519825223,36747.74602683983,3,83.28280165165924,3908.38151640108
3698.9624771279864,43039.70246858867,2,42.99565799813313,3928.6593516624152
2564.5321728331337,44683.309751267836,3,61.30442960309277,3809.24183503654
2668.1568690279096,37089.71549485784,2,46.14993241257028,3835.412852685352
2373.863760730125,32628.96385288701,1,84.34303582119107,3955.848253663488
3613.9796784277814,33493.72601461944,1,57.52877028428835,3883.188910859813
3244.4764770981637,35362.25909866603,1,66.94935186481973,3967.98548378794
2476.642293740662,48792.542776831004,3,78.98446870873167,3957.5389893330066
3588.141576748473,41323.46958976562,1,45.49125155014102,3910.9247195636153
3115.036474647966,43165.9960124325,2,43.343762320786496,3930.7622365008688
2068.695528682969,49867.00138064753,3,49.68672748625905,3969.884273381796
2854.8838453878498,34680.60043145027,3,31.724002986889335,3977.4223824752703
2372.1774274224204,49276.194832544956,1,37.163515684347146,3983.0841285950355
3700.704032090217,37779.93368709454,1,56.977554761783736,3919.1076061866315
3070.129442652808,42299.480263422694,1,72.8178183108734,3836.8905095727096
2389.4384382194266,31849.382111662424,3,85.23001321147197,3901.031297911919
3092.018018376099,30515.272617819974,1,62.665493760877744,3881.377024279327
3137.196469807249,39391.037867768704,2,89.7453213387591,3982.045367902187
3737.4606573371784,46221.054621246694,1,55.50250196410576,3868.6239084867984
2055.9685458019085,34048.746287868125,3,99.10515868952979,3835.8731430358002
2669.041124609337,39859.92749208578,2,48.94044044328895,3860.6297091214265
3040.390128307408,37036.886668798405,1,34.94604489295375,3855.514899879242
2061.6216885499857,33119.61729370022,3,94.26455953555606,3911.7442184237243
2787.5173294800497,32078.04378315624,1,80.62427534779931,3999.0146832531454
3377.267586232412,39658.51279875125,1,40.29940644307007,3875.6250318844104
3399.7094128278172,35217.522275836694,3,35.25207066466293,3892.1106400826116
2635.3815371500154,32889.46431399273,2,91.84953508139546,3885.526664634726
3070.633240296164,37277.737750930464,1,35.84976289034799,3862.540606653821
3186.813734086988,35201.66825987554,1,88.22045736780433,3838.284302352261
2324.789325264086,48644.91773643058,1,86.19823887590155,3930.883636447493
2013.8984996954896,49238.31367794267,3,33.24270795401438,3974.475835053693
3421.191974190243,40230.22913395448,1,58.69900461165142,3896.643371970061
2905.851184489067,43714.77048258742,3,67.62414911540611,3986.1234443132985
3644.9180273757484,43495.77415128776,2,39.639106588102045,3958.253415076298
2665.456157797441,37367.23295167762,3,69.0941914721338,3918.8596523542515
3725.9714435096566,47723.78522690738,2,37.91479999936633,3980.47221859961
2070.7160266774854,36063.40472219829,2,35.63116095553261,3841.6504625618927
3614.5693771676806,45889.08871252937,1,31.627707091744718,3854.4590164483143
2678.8763542462852,33067.958264674955,2,80.2215926444359,3936.1339257435257
3395.370844188492,40752.43842858117,2,43.97144613226079,3982.097155211584
3139.614533204226,47077.258152027855,2,50.173746245143704,3866.2221730372144
3546.9013273221453,34345.36379235365,2,92.23391731477707,3984.1527078153126
3268.8165046915565,35618.699272739424,1,72.49689583899163,3833.1101134727805
3360.1446220280086,35048.3785802949,3,45.307467407833286,3821.565928516505
2154.610975044417,47632.22176361104,1,37.491353263604786,3816.7970305465133
3145.800047503598,32738.46075193813,3,62.478129763601466,3999.0042047565844
3602.5303792232,33755.2356382415,1,84.34376917252668,3815.5845808010404
3713.1420170079373,44067.54491298231,2,43.86812795313832,3801.1263813833953
2471.135341442316,47764.064108733146,2,73.00400010589883,3820.8685714945836
3321.0957122231794,32011.44302451186,1,44.24196033202294,3822.8358224246986
2989.545505297878,37792.49192009912,1,52.78701266533417,3946.200457351469
3200.6212465470853,36450.48149530821,2,36.32469422772964,3923.4017846392485
2542.9401421388056,45843.38133767562,1,93.22529299485059,3869.6514005490126
3494.5597064630683,48801.00095532928,1,45.85059103169533,3900.8465656087237
2404.889589925194,47215.935454904975,2,69.44144881278412,3985.948528150049
2590.0329816993635,45760.41234262326,3,59.36585729882667,3845.4833651385115
3082.4752283119365,30949.04961152845,2,31.63294981385856,3963.445628772905
2462.5928728492863,48341.307824795425,3,52.434872921961244,3831.8948714359617
2869.3646694248214,43132.995044005096,3,44.11124079871107,3901.0045547978993
2544.558268547578,33552.49714437174,3,55.883303038667236,3981.4451565793206
3257.7346966208283,43923.67338195785,2,88.4442902900691,3804.102109748965
3152.9791995445075,30723.747816610845,1,43.15739505287017,3832.3798012289963
3674.899830180127,48642.84764848914,3,68.4743809033878,3828.1066835188367
3208.9931383812736,30038.905758446926,3,97.74975891946792,3971.0109611703183
2469.611551677446,41713.953643770845,1,98.03437166664224,3884.438088056108
2689.011796833027,34445.19300427772,3,40.35632608491585,3970.1803493967095
2438.097060879783,37989.59675057753,1,39.642343856061196,3977.405305371997
2545.465079830461,41864.65722682388,1,65.39065613913411,3871.347285501051
3737.053263315049,45485.1666423354,3,69.07677410084453,3972.5178846833464
3518.9953715717375,36883.29490542719,1,93.93308720917729,3999.830940738163
3643.1095127417793,44800.23549385391,3,71.13759683551044,3810.7541311632413
3701.706556325505,36973.77369457276,3,64.31842953368874,3945.9037688988296
3026.4909211792897,35188.166299078766,2,40.70244724927698,3801.1580675851164
2744.056925125473,29691.126704859664,3,15.831519258982986,4772.097542204054
3562.7747408699006,9730.127383703486,2,4.1816832443528655,4836.372210026134
3747.054657477005,16451.918130230082,2,15.566979800879006,4729.30949062976
2112.8836481951957,24760.419283770414,3,13.454162574796158,4975.263519189566
3217.87460801925,14424.645858280963,3,4.34200418586098,4579.126413985273
2933.7494020664594,25172.58801047931,2,29.118978492095117,4709.178612296636
3568.7137048400136,18573.105715748956,1,26.15157021782507,4529.150034793793
2468.2354929561125,28666.435618574204,3,27.73503262338697,4881.910734699956
2436.565586586078,22664.860251978844,3,27.21091953777794,4559.53248828606
2510.0314642396115,24736.614469193493,1,3.538761458861419,4648.991077345788
3527.2070030935174,13642.2529617718,1,26.353732949452226,4921.4860009229615
2019.691994059544,24488.734211296527,3,29.579590195398396,4667.57554064279
3548.7669394805716,14180.920928885156,1,5.18458318448121,4549.689638009006
3150.1621910838057,7703.298560998681,2,23.82653977146981,4549.960859632083
2967.2827144780035,25287.12294556864,2,23.75937267556728,4812.017594754712
3275.168399769038,12916.619496342371,2,10.206660293235126,4663.4901442225
3788.1367135682485,12624.452707939272,2,24.251378629590736,4703.954159937756
3335.3089020916345,27234.776962767148,1,13.170891826200199,4765.413454515313
2350.9013391573926,27019.744289126007,3,13.59591997563459,4904.323361724916
2062.34625043566,6119.2794899635755,1,13.962421458179524,4983.616869881393
3435.591795514889,22236.677596565965,1,6.150345202675411,4930.504945973405
2717.2671069551884,14957.617786673472,3,23.56433836143868,4769.577264105507
3748.939534601699,22897.21519956106,2,5.251603150043267,4940.817841739224
3753.349579082196,14421.497708579058,3,20.39015026799417,4756.103793397642
3071.5561867426673,15554.439141931422,1,10.748152193378798,4908.23804299183
2523.9294761083365,29141.716933009884,3,26.35896353643291,4763.8888743369735
3357.7454631754617,18832.82734438109,2,25.75028162985135,4890.372226378296
2734.6635441618632,19468.070528905904,3,18.291181454706173,4520.502792224756
2678.993885292666,8455.268571577286,2,11.470624498529942,4616.789485902329
2616.15796742603,25145.07031547378,1,17.790370004056367,4979.40462686066
3246.0906573069196,27637.508202006582,2,16.107557738300002,4666.270630123346
2424.245156184067,13817.888548428089,1,6.730974164540855,4976.1608089098345
2414.1584778336423,6410.516492473443,2,23.698021474944447,4587.076339020465
3233.5932346373734,5831.944472931274,1,13.565030958098388,4964.818960488606
3400.1081818715747,5373.132806618822,3,19.823666158899353,4540.302761867924
3056.365965359254,5951.025775588141,2,1.015594667769591,4940.240038968846
3066.057542586753,11943.011942266497,2,6.781135161203458,4647.334839820242
3290.0958551933018,29823.513720020197,3,2.816803942263875,4512.919153098873
2306.5744924420255,23271.27050447396,1,15.717923739662323,4594.882027334424
3346.01183137485,9441.808890031472,2,20.760802385174486,4762.553746125245
2064.502565436533,23423.27974124186,2,20.248949341707817,4821.684905627449
2751.6861652505454,19536.9550115773,2,15.854076525060531,4839.301922674572
3575.178477331231,19495.195857710387,1,18.87855684280261,4662.600475514867
3614.826772003273,9380.198572185076,1,11.930554836923774,4717.220230695997
3684.167449068434,8306.997291098347,3,26.262871749943933,4906.892050436598
3419.0159600405173,18180.49262108327,1,23.211020718525184,4527.643809586431
2707.1557288124745,8724.845432420118,2,11.546992744828566,4612.685056973887
2096.6254248252376,29326.193844272002,3,18.05516681452763,4948.302612591817
3012.5879170490316,5581.8651296029475,2,2.214265691316003,4541.43236395105
2849.8940464573857,28129.446243987833,1,8.143874758988503,4864.557442129178
2723.748849447583,7279.721714816728,1,29.24744644132205,4562.742781883798
2039.9519794061332,10162.824485602625,3,6.310577100432084,4576.913997136908
2626.1228516941173,5144.26365973825,3,27.277853225616603,4795.182436048223
3188.90120851705,8058.734422604306,2,23.52529215954737,4515.073677073301
2521.089802981438,11649.327167914555,2,15.269792019640832,4580.408994648987
2675.6525083218257,14926.861347562504,3,3.1560180272497407,4974.07433807298
2549.466560175146,8316.800089848042,3,10.196887860258006,4728.366997771307
2687.271505861796,13108.961007659287,2,12.258699668812286,4807.048737357416
3695.1270942530846,24025.04509224095,3,18.479422403945982,4570.25604422228
3265.251833820019,8767.495396330483,2,23.14892554017615,4961.95806326527
3580.558750574066,29611.872317839294,1,14.613747079496967,4785.647406974479
3500.875222404371,29485.83319735325,2,1.2071963410891557,4507.037761162071
3245.931035695533,20311.427847772306,3,2.738941789361594,4749.644353286963
3441.176647545003,18558.857528081964,1,27.659682387169156,4840.25786196837
3723.09254642864,27406.55980762705,2,10.76004784625028,4982.434046904029
2912.134756997353,13955.105728427978,1,8.381107513216424,4792.230769332713
3525.692148437437,9636.409021575386,2,10.978166592287055,4838.154849911253
2275.657829153964,17795.592460590968,1,28.88918920316658,4757.8992375711905
3667.4260961519794,8866.913429337474,3,15.229996028570456,4777.657516559267
3320.231755934871,6321.8945137429,1,4.840081711150782,4807.351147576563
3739.9837459809924,12820.439415816627,2,11.46366961436688,4959.133310671088
2746.564560892586,7916.994344365778,2,10.367516000166084,4855.272734868594
2881.6944959402963,11835.647306251942,3,20.03747043203327,4823.331219910952
3593.40319074076,28543.79340404998,1,13.205353713785627,4520.81606771873
3442.194780560392,10427.40808374007,3,22.73488380269602,4871.838145769982
3039.167924448073,27330.07342771634,3,29.721962911749223,4875.727994717405
2635.817283797839,13640.686384067578,3,9.159805121980426,4760.654357039048
2806.0417864527944,6875.8710491246275,1,28.0125546157477,4786.722671973261
2123.445689420631,25446.027974082186,3,28.913721692668016,4584.2826083156115
3660.251190383221,22834.316420214545,3,25.763161429914796,4947.26313831961
2247.1425023368956,27476.109580580247,1,21.583672875150732,4673.662757197081
2469.5356988064345,7883.743869963795,3,18.746918997491633,4870.959305084272
3736.612665221666,12025.5616279557,2,21.321666204670134,4510.668660989654
2241.670531073278,10164.183587920092,2,15.91681948482694,4881.322844309102
3711.1267476446246,22485.854674583166,2,3.844882029895561,4852.467271827596
2517.9793625306147,24991.642558008098,1,8.284528430816279,4987.8329774251515
3416.5723050167526,12795.216918732243,1,1.650655932399124,4840.420317221824
3795.864664014303,19497.26791074245,3,23.761712372081085,4620.623953752801
3557.1425679671975,5827.528443958171,2,22.561114460752453,4524.690727726268
2199.430461413628,15822.690334937248,3,25.861415020992435,4906.886940735287
3477.258553055356,22748.210758667636,1,9.238131297042715,4638.5273990580135
2365.3044512172273,23243.767431232864,1,0.30935291229686973,4965.910277297637
2097.4405984370414,23277.15285427603,2,8.156691275682943,4940.179882049728
2682.536930854001,28734.364378018643,2,5.952992398248047,4582.115682849768
2124.468102235783,10297.501343579497,3,18.73701544360911,4783.337775416056
3118.339772632662,17889.90582142948,3,0.7085760596288145,4987.925659388235
3793.9072381648302,19072.828636572536,3,13.045871996363505,4850.075473403628
3781.514634547303,20816.438678481092,1,2.175328007131189,4890.132286017884
